{"cameraMode":{"drawMode":0,"name":"Shaded","section":"Shading Mode"},"sceneLighting":true,"audioPlay":false,"sceneViewState":{"showFog":false,"showMaterialUpdate":false,"showSkybox":false,"showFlares":false,"showImageEffects":false,"showParticleSystems":false},"in2DMode":false,"pivot":{"x":-0.3684292435646057,"y":17.785783767700197,"z":6.860962867736816},"rotation":{"x":0.027503861114382745,"y":0.7379875779151917,"z":-0.03013375587761402,"w":0.673579752445221},"size":0.8660253882408142,"orthographic":false}